target_index,ik_ok,peak_sample_idx,point_drift,range_3d_est_m,range_horiz_est_m,sensor_angle_deg,sensor_x,sensor_y,sensor_z,stationarity_ok,target_x_true,target_y_true,vantage_index,waveform_tag
0,True,24.0,0.03606556592069264,0.48010480658345017,0.4409050747500753,0.015590467522487968,0.5999942672188272,-0.24996043198122905,0.6500087902286698,True,1.0,-0.075,0,t00_v0
0,True,23.0,0.018786096352088145,0.4629002779160337,0.4219730236174855,0.0914642635307868,0.5999945847177396,-0.21453814804518145,0.6503035328990461,True,1.0,-0.075,1,t00_v1
0,True,22.0,0.014404727100435992,0.44569574924861727,0.4030183356469828,0.09882248232422976,0.5999970076791361,-0.1788590382920641,0.6503179498382174,True,1.0,-0.075,2,t00_v2
0,True,22.0,0.010812959654147547,0.44569574924861727,0.4030735644105199,0.054579836327358695,0.5999972808079161,-0.14297890691898754,0.6502009531303269,True,1.0,-0.075,3,t00_v3
0,True,24.0,0.051825912017621475,0.48010480658345017,0.44080440476946753,0.06063704392307423,0.5999972849723674,-0.10724488756266959,0.6502422193950848,False,1.0,-0.075,4,t00_v4
0,True,24.0,0.003776969540899252,0.48010480658345017,0.440705619967967,0.10968439314922832,0.59999849686851,-0.07150020563615937,0.6504709474780392,True,1.0,-0.075,5,t00_v5
0,True,24.0,0.03309605939928243,0.48010480658345017,0.44074011175593286,0.08994978362800957,0.5999992949707594,-0.03572105357571624,0.6503911216257205,True,1.0,-0.075,6,t00_v6
0,True,22.0,0.029463708176046804,0.44569574924861727,0.403038418043033,0.06322881627547422,0.5999998314016323,1.1044242398506474e-05,0.6502754174339284,True,1.0,-0.075,7,t00_v7
0,True,22.0,0.04932711260842738,0.44569574924861727,0.4029925472600685,0.08910479693579249,0.6000010935208556,0.0356059541047167,0.6503725498887059,True,1.0,-0.075,8,t00_v8
0,True,23.0,0.13745763313353665,0.4629002779160337,0.4219478137488294,0.0838175664386622,0.6000038308050406,0.07148551290900919,0.650359422586129,False,1.0,-0.075,9,t00_v9
0,True,24.0,0.08151346429957937,0.48010480658345017,0.44078806879533344,0.06954442529065336,0.6000065003231903,0.10725051354929445,0.6502800665130547,False,1.0,-0.075,10,t00_v10
0,True,25.0,0.1412748456847554,0.4973093352508666,0.4595615849139063,0.046425784306341,0.6000094981256674,0.14266705343963718,0.6500518997512977,False,1.0,-0.075,11,t00_v11
0,True,26.0,0.028599771579605533,0.514513863918283,0.4781276997604801,0.04268622092849444,0.6000139504702998,0.17839974052649857,0.650048464571208,True,1.0,-0.075,12,t00_v12
0,True,28.0,0.019900840131120118,0.5489229212531159,0.5149932262659486,0.01872481031511735,0.6000182606349846,0.21421108497879998,0.6499956588378906,True,1.0,-0.075,13,t00_v13
0,True,29.0,0.014847950482430705,0.5661274499205324,0.53329770663986,0.006394285901241441,0.6000238097007958,0.2500326327906729,0.64998380364176,True,1.0,-0.075,14,t00_v14
1,True,26.0,0.08924064647430742,0.514513863918283,0.4781447954630055,0.015377425930659811,0.5999948337037432,-0.24996379443724087,0.650005449226495,False,1.0,0.0,0,t01_v0
1,True,25.0,0.15157988687180984,0.4973093352508666,0.4594574412214918,0.0914642635307868,0.5999945847177396,-0.21453814804518145,0.6503035328990461,False,1.0,0.0,1,t01_v1
1,True,24.0,0.04927376549663778,0.48010480658345017,0.4407717133323211,0.09882248232422976,0.5999970076791361,-0.1788590382920641,0.6503179498382174,True,1.0,0.0,2,t01_v2
1,True,23.0,0.03787673305172783,0.4629002779160337,0.42201927055888866,0.054579836327358695,0.5999972808079161,-0.14297890691898754,0.6502009531303269,True,1.0,0.0,3,t01_v3
1,True,22.0,0.02722369445385189,0.44569574924861727,0.40305408924599534,0.06063704392307423,0.5999972849723674,-0.10724488756266959,0.6502422193950848,True,1.0,0.0,4,t01_v4
1,True,22.0,0.00267175229147531,0.44569574924861727,0.402946049819457,0.10968439314922832,0.59999849686851,-0.07150020563615937,0.6504709474780392,True,1.0,0.0,5,t01_v5
1,True,24.0,0.10213440869178088,0.48010480658345017,0.44074011175593286,0.08994978362800957,0.5999992949707594,-0.03572105357571624,0.6503911216257205,False,1.0,0.0,6,t01_v6
1,True,24.0,0.030609889819265483,0.48010480658345017,0.44079007568782264,0.06322881627547422,0.5999998314016323,1.1044242398506474e-05,0.6502754174339284,True,1.0,0.0,7,t01_v7
1,True,24.0,0.11840994522316534,0.48010480658345017,0.44074813391936707,0.08910479693579249,0.6000010935208556,0.0356059541047167,0.6503725498887059,False,1.0,0.0,8,t01_v8
1,True,22.0,0.006535725698580699,0.44569574924861727,0.40299874829949767,0.0838175664386622,0.6000038308050406,0.07148551290900919,0.650359422586129,True,1.0,0.0,9,t01_v9
1,True,22.0,0.0214838291116887,0.44569574924861727,0.4030362231686797,0.06954442529065336,0.6000065003231903,0.10725051354929445,0.6502800665130547,True,1.0,0.0,10,t01_v10
1,True,23.0,0.03429086068829722,0.4629002779160337,0.42208641614681697,0.046425784306341,0.6000094981256674,0.14266705343963718,0.6500518997512977,True,1.0,0.0,11,t01_v11
1,True,24.0,0.047361492473803044,0.48010480658345017,0.44088797490820547,0.04268622092849444,0.6000139504702998,0.17839974052649857,0.650048464571208,True,1.0,0.0,12,t01_v12
1,True,25.0,0.009940766203230327,0.4973093352508666,0.45958483933917443,0.01872481031511735,0.6000182606349846,0.21421108497879998,0.6499956588378906,True,1.0,0.0,13,t01_v13
1,True,26.0,0.0988487026485206,0.514513863918283,0.47815339643040355,0.006394285901241441,0.6000238097007958,0.2500326327906729,0.64998380364176,False,1.0,0.0,14,t01_v14
2,True,29.0,0.02854382170820833,0.5661274499205324,0.5332899950475002,0.015377425930659811,0.5999948337037432,-0.24996379443724087,0.650005449226495,True,1.0,0.075,0,t02_v0
2,True,27.0,0.04165435934577233,0.5317183925856995,0.49649674156036694,0.0914642635307868,0.5999945847177396,-0.21453814804518145,0.6503035328990461,True,1.0,0.075,1,t02_v1
2,True,26.0,0.05742176028603564,0.514513863918283,0.47802049551614334,0.09882248232422976,0.5999970076791361,-0.1788590382920641,0.6503179498382174,False,1.0,0.075,2,t02_v2
2,True,25.0,0.0017326431164793367,0.4973093352508666,0.4594999155124776,0.054579836327358695,0.5999972808079161,-0.14297890691898754,0.6502009531303269,True,1.0,0.075,3,t02_v3
2,True,24.0,0.0582444655224215,0.48010480658345017,0.44080440476946753,0.06063704392307423,0.5999972849723674,-0.10724488756266959,0.6502422193950848,False,1.0,0.075,4,t02_v4
2,True,23.0,0.04882820954614385,0.4629002779160337,0.421897482170206,0.10968439314922832,0.59999849686851,-0.07150020563615937,0.6504709474780392,True,1.0,0.075,5,t02_v5
2,True,22.0,0.10023158787456331,0.44569574924861727,0.40298377350010806,0.08994978362800957,0.5999992949707594,-0.03572105357571624,0.6503911216257205,False,1.0,0.075,6,t02_v6
2,True,22.0,0.0025385862627605713,0.44569574924861727,0.403038418043033,0.06322881627547422,0.5999998314016323,1.1044242398506474e-05,0.6502754174339284,True,1.0,0.075,7,t02_v7
2,True,24.0,0.01966111535004008,0.48010480658345017,0.44074813391936707,0.08910479693579249,0.6000010935208556,0.0356059541047167,0.6503725498887059,True,1.0,0.075,8,t02_v8
2,True,24.0,0.1287069376482814,0.48010480658345017,0.44075380376941464,0.0838175664386622,0.6000038308050406,0.07148551290900919,0.650359422586129,False,1.0,0.075,9,t02_v9
2,True,24.0,0.01570419109849337,0.48010480658345017,0.44078806879533344,0.06954442529065336,0.6000065003231903,0.10725051354929445,0.6502800665130547,True,1.0,0.075,10,t02_v10
2,True,22.0,0.09692884243432597,0.44569574924861727,0.4031438655110716,0.046425784306341,0.6000094981256674,0.14266705343963718,0.6500518997512977,False,1.0,0.075,11,t02_v11
2,True,22.0,0.11223483939141726,0.44569574924861727,0.4031454849212783,0.04268622092849444,0.6000139504702998,0.17839974052649857,0.650048464571208,False,1.0,0.075,12,t02_v12
2,True,23.0,0.05526207925396026,0.4629002779160337,0.422111735109908,0.01872481031511735,0.6000182606349846,0.21421108497879998,0.6499956588378906,False,1.0,0.075,13,t02_v13
2,True,24.0,0.08548606355659823,0.48010480658345017,0.4409158419226296,0.006394285901241441,0.6000238097007958,0.2500326327906729,0.64998380364176,False,1.0,0.075,14,t02_v14
3,True,31.0,0.007932530983622704,0.6005365072553653,0.5696859010109968,0.015377425930659811,0.5999948337037432,-0.24996379443724087,0.650005449226495,True,1.0,0.15,0,t03_v0
3,True,30.0,0.0205633192120604,0.5833319785879489,0.5514170496180482,0.0914642635307868,0.5999945847177396,-0.21453814804518145,0.6503035328990461,True,1.0,0.15,1,t03_v1
3,True,29.0,0.013002108933972715,0.5661274499205324,0.5331785512592406,0.09882248232422976,0.5999970076791361,-0.1788590382920641,0.6503179498382174,True,1.0,0.15,2,t03_v2
3,True,28.0,0.08718653330222946,0.5489229212531159,0.514917440863455,0.054579836327358695,0.5999972808079161,-0.14297890691898754,0.6502009531303269,False,1.0,0.15,3,t03_v3
3,True,26.0,0.03417111697498856,0.514513863918283,0.4780506397064582,0.06063704392307423,0.5999972849723674,-0.10724488756266959,0.6502422193950848,True,1.0,0.15,4,t03_v4
3,True,25.0,0.011264274239867011,0.4973093352508666,0.4593880637266024,0.10968439314922832,0.59999849686851,-0.07150020563615937,0.6504709474780392,True,1.0,0.15,5,t03_v5
3,True,24.0,0.051589285873451886,0.48010480658345017,0.44074011175593286,0.08994978362800957,0.5999992949707594,-0.03572105357571624,0.6503911216257205,False,1.0,0.15,6,t03_v6
3,True,23.0,0.01664589486287087,0.4629002779160337,0.42198570214532816,0.06322881627547422,0.5999998314016323,1.1044242398506474e-05,0.6502754174339284,True,1.0,0.15,7,t03_v7
3,True,22.0,0.09242205315337115,0.44569574924861727,0.4029925472600685,0.08910479693579249,0.6000010935208556,0.0356059541047167,0.6503725498887059,False,1.0,0.15,8,t03_v8
3,True,22.0,0.017521451918136997,0.44569574924861727,0.40299874829949767,0.0838175664386622,0.6000038308050406,0.07148551290900919,0.650359422586129,True,1.0,0.15,9,t03_v9
3,True,24.0,0.03787332372337534,0.48010480658345017,0.44078806879533344,0.06954442529065336,0.6000065003231903,0.10725051354929445,0.6502800665130547,True,1.0,0.15,10,t03_v10
3,True,24.0,0.06804447205511639,0.48010480658345017,0.44088649412910663,0.046425784306341,0.6000094981256674,0.14266705343963718,0.6500518997512977,False,1.0,0.15,11,t03_v11
3,True,24.0,0.09890849223343424,0.48010480658345017,0.44088797490820547,0.04268622092849444,0.6000139504702998,0.17839974052649857,0.650048464571208,False,1.0,0.15,12,t03_v12
3,True,22.0,0.062443245235340075,0.44569574924861727,0.403170374061689,0.01872481031511735,0.6000182606349846,0.21421108497879998,0.6499956588378906,False,1.0,0.15,13,t03_v13
3,True,22.0,0.10177863053231438,0.44569574924861727,0.40317596065749695,0.006394285901241441,0.6000238097007958,0.2500326327906729,0.64998380364176,False,1.0,0.15,14,t03_v14
4,True,26.0,0.024938973834946143,0.514513863918283,0.4781447954630055,0.015377425930659811,0.5999948337037432,-0.24996379443724087,0.650005449226495,True,1.075,-0.15,0,t04_v0
4,True,26.0,0.027579542206841185,0.514513863918283,0.47802623519035353,0.0914642635307868,0.5999945847177396,-0.21453814804518145,0.6503035328990461,True,1.075,-0.15,1,t04_v1
4,True,28.0,0.00863543192272274,0.5489229212531159,0.5148742093428572,0.09882248232422976,0.5999970076791361,-0.1788590382920641,0.6503179498382174,True,1.075,-0.15,2,t04_v2
4,True,25.0,0.06967691300156507,0.4973093352508666,0.4594999155124776,0.054579836327358695,0.5999972808079161,-0.14297890691898754,0.6502009531303269,False,1.075,-0.15,3,t04_v3
4,True,26.0,0.014526072201137477,0.514513863918283,0.4780506397064582,0.06063704392307423,0.5999972849723674,-0.10724488756266959,0.6502422193950848,True,1.075,-0.15,4,t04_v4
4,True,26.0,0.005451076670599833,0.514513863918283,0.4779595530282238,0.10968439314922832,0.59999849686851,-0.07150020563615937,0.6504709474780392,True,1.075,-0.15,5,t04_v5
4,True,26.0,0.1467003259734582,0.514513863918283,0.4779913565852646,0.08994978362800957,0.5999992949707594,-0.03572105357571624,0.6503911216257205,False,1.075,-0.15,6,t04_v6
4,True,27.0,0.08158253060993902,0.5317183925856995,0.49650751709743973,0.06322881627547422,0.5999998314016323,1.1044242398506474e-05,0.6502754174339284,False,1.075,-0.15,7,t04_v7
4,True,28.0,0.08013138330983052,0.5489229212531159,0.5148540237056779,0.08910479693579249,0.6000010935208556,0.0356059541047167,0.6503725498887059,False,1.075,-0.15,8,t04_v8
4,True,30.0,0.00986305582066898,0.5833319785879489,0.5513977579533733,0.0838175664386622,0.6000038308050406,0.07148551290900919,0.650359422586129,True,1.075,-0.15,9,t04_v9
4,True,31.0,0.0971105227155525,0.6005365072553653,0.5695942352537119,0.06954442529065336,0.6000065003231903,0.10725051354929445,0.6502800665130547,False,1.075,-0.15,10,t04_v10
4,True,31.0,0.03478113158068979,0.6005365072553653,0.5696704064170757,0.046425784306341,0.6000094981256674,0.14266705343963718,0.6500518997512977,True,1.075,-0.15,11,t04_v11
4,True,32.0,0.09340935430117016,0.6177410359227818,0.5877802043086157,0.04268622092849444,0.6000139504702998,0.17839974052649857,0.650048464571208,False,1.075,-0.15,12,t04_v12
4,True,33.0,0.02027810152606686,0.6349455645901982,0.6058527210597651,0.01872481031511735,0.6000182606349846,0.21421108497879998,0.6499956588378906,True,1.075,-0.15,13,t04_v13
4,True,35.0,0.043184522928857265,0.6693546219250311,0.6418268958576062,0.006394285901241441,0.6000238097007958,0.2500326327906729,0.64998380364176,True,1.075,-0.15,14,t04_v14
5,True,29.0,0.04160704011212162,0.5661274499205324,0.5332899950475002,0.015377425930659811,0.5999948337037432,-0.24996379443724087,0.650005449226495,True,1.075,-0.075,0,t05_v0
5,True,27.0,0.06262223819862069,0.5317183925856995,0.49649674156036694,0.0914642635307868,0.5999945847177396,-0.21453814804518145,0.6503035328990461,False,1.075,-0.075,1,t05_v1
5,True,26.0,0.061702678098458794,0.514513863918283,0.47802049551614334,0.09882248232422976,0.5999970076791361,-0.1788590382920641,0.6503179498382174,False,1.075,-0.075,2,t05_v2
5,True,26.0,0.07006965646744102,0.514513863918283,0.4780670597232533,0.054579836327358695,0.5999972808079161,-0.14297890691898754,0.6502009531303269,False,1.075,-0.075,3,t05_v3
5,True,26.0,0.07165893825903112,0.514513863918283,0.4780506397064582,0.06063704392307423,0.5999972849723674,-0.10724488756266959,0.6502422193950848,False,1.075,-0.075,4,t05_v4
5,True,25.0,0.02775132194492857,0.4973093352508666,0.4593880637266024,0.10968439314922832,0.59999849686851,-0.07150020563615937,0.6504709474780392,True,1.075,-0.075,5,t05_v5
5,True,28.0,0.05611105453245071,0.5489229212531159,0.5148471562348913,0.08994978362800957,0.5999992949707594,-0.03572105357571624,0.6503911216257205,False,1.075,-0.075,6,t05_v6
5,True,26.0,0.02308708013485274,0.514513863918283,0.4780374270749789,0.06322881627547422,0.5999998314016323,1.1044242398506474e-05,0.6502754174339284,True,1.075,-0.075,7,t05_v7
5,True,26.0,0.08359085913583796,0.514513863918283,0.47799875356845195,0.08910479693579249,0.6000010935208556,0.0356059541047167,0.6503725498887059,False,1.075,-0.075,8,t05_v8
5,True,27.0,0.02472442340427701,0.5317183925856995,0.49647531584822585,0.0838175664386622,0.6000038308050406,0.07148551290900919,0.650359422586129,True,1.075,-0.075,9,t05_v9
5,True,29.0,0.0025486884076838046,0.5661274499205324,0.5331920721853546,0.06954442529065336,0.6000065003231903,0.10725051354929445,0.6502800665130547,True,1.075,-0.075,10,t05_v10
5,True,30.0,0.08465951564341198,0.5833319785879489,0.5515038283133255,0.046425784306341,0.6000094981256674,0.14266705343963718,0.6500518997512977,False,1.075,-0.075,11,t05_v11
5,True,30.0,0.01497991564084589,0.5833319785879489,0.5515050120873405,0.04268622092849444,0.6000139504702998,0.17839974052649857,0.650048464571208,True,1.075,-0.075,12,t05_v12
5,True,31.0,0.04311902151600215,0.6005365072553653,0.5696891662733542,0.01872481031511735,0.6000182606349846,0.21421108497879998,0.6499956588378906,True,1.075,-0.075,13,t05_v13
5,True,32.0,0.12787809323601554,0.6177410359227818,0.5878011073626528,0.006394285901241441,0.6000238097007958,0.2500326327906729,0.64998380364176,False,1.075,-0.075,14,t05_v14
6,True,30.0,0.05883252218168362,0.5833319785879489,0.551519833285775,0.015377425930659811,0.5999948337037432,-0.24996379443724087,0.650005449226495,False,1.075,0.0,0,t06_v0
6,True,28.0,0.07815056312746899,0.5489229212531159,0.5148795381865512,0.0914642635307868,0.5999945847177396,-0.21453814804518145,0.6503035328990461,False,1.075,0.0,1,t06_v1
6,True,29.0,0.03667712040962971,0.5661274499205324,0.5331785512592406,0.09882248232422976,0.5999970076791361,-0.1788590382920641,0.6503179498382174,True,1.075,0.0,2,t06_v2
6,True,27.0,0.0203821302128787,0.5317183925856995,0.4965360474751408,0.054579836327358695,0.5999972808079161,-0.14297890691898754,0.6502009531303269,True,1.075,0.0,3,t06_v3
6,True,26.0,0.03714901802142714,0.514513863918283,0.4780506397064582,0.06063704392307423,0.5999972849723674,-0.10724488756266959,0.6502422193950848,True,1.075,0.0,4,t06_v4
6,True,26.0,0.02894648562679503,0.514513863918283,0.4779595530282238,0.10968439314922832,0.59999849686851,-0.07150020563615937,0.6504709474780392,True,1.075,0.0,5,t06_v5
6,True,28.0,0.07573509938803154,0.5489229212531159,0.5148471562348913,0.08994978362800957,0.5999992949707594,-0.03572105357571624,0.6503911216257205,False,1.075,0.0,6,t06_v6
6,True,25.0,0.02981240414634704,0.4973093352508666,0.45946908541054554,0.06322881627547422,0.5999998314016323,1.1044242398506474e-05,0.6502754174339284,True,1.075,0.0,7,t06_v7
6,True,26.0,0.0802532186710126,0.514513863918283,0.47799875356845195,0.08910479693579249,0.6000010935208556,0.0356059541047167,0.6503725498887059,False,1.075,0.0,8,t06_v8
6,True,26.0,0.020731270025959824,0.514513863918283,0.4780039815700252,0.0838175664386622,0.6000038308050406,0.07148551290900919,0.650359422586129,True,1.075,0.0,9,t06_v9
6,True,26.0,0.049672603129833404,0.514513863918283,0.47803557655462103,0.06954442529065336,0.6000065003231903,0.10725051354929445,0.6502800665130547,True,1.075,0.0,10,t06_v10
6,True,27.0,0.0010984707930564827,0.5317183925856995,0.49659311756693003,0.046425784306341,0.6000094981256674,0.14266705343963718,0.6500518997512977,True,1.075,0.0,11,t06_v11
6,True,29.0,0.004366669383186983,0.5661274499205324,0.5332746671909807,0.04268622092849444,0.6000139504702998,0.17839974052649857,0.650048464571208,True,1.075,0.0,12,t06_v12
6,True,28.0,0.0652559176990055,0.5489229212531159,0.5149932262659486,0.01872481031511735,0.6000182606349846,0.21421108497879998,0.6499956588378906,False,1.075,0.0,13,t06_v13
6,True,29.0,0.016260636512994756,0.5661274499205324,0.53329770663986,0.006394285901241441,0.6000238097007958,0.2500326327906729,0.64998380364176,True,1.075,0.0,14,t06_v14
7,True,32.0,0.1200031302603884,0.6177410359227818,0.5877941108306458,0.015377425930659811,0.5999948337037432,-0.24996379443724087,0.650005449226495,False,1.075,0.075,0,t07_v0
7,True,31.0,0.05974684937760555,0.6005365072553653,0.5695863954771174,0.0914642635307868,0.5999945847177396,-0.21453814804518145,0.6503035328990461,False,1.075,0.075,1,t07_v1
7,True,31.0,0.023761204210732714,0.6005365072553653,0.5695815784554933,0.09882248232422976,0.5999970076791361,-0.1788590382920641,0.6503179498382174,True,1.075,0.075,2,t07_v2
7,True,30.0,0.0028530742214877033,0.5833319785879489,0.5514524409880207,0.054579836327358695,0.5999972808079161,-0.14297890691898754,0.6502009531303269,True,1.075,0.075,3,t07_v3
7,True,29.0,0.011809124727573101,0.5661274499205324,0.5332055771587141,0.06063704392307423,0.5999972849723674,-0.10724488756266959,0.6502422193950848,True,1.075,0.075,4,t07_v4
7,True,27.0,0.11027407780848386,0.5317183925856995,0.496432540412832,0.10968439314922832,0.59999849686851,-0.07150020563615937,0.6504709474780392,False,1.075,0.075,5,t07_v5
7,True,26.0,0.044388732200886544,0.514513863918283,0.4779913565852646,0.08994978362800957,0.5999992949707594,-0.03572105357571624,0.6503911216257205,True,1.075,0.075,6,t07_v6
7,True,26.0,0.0037754755113306856,0.514513863918283,0.4780374270749789,0.06322881627547422,0.5999998314016323,1.1044242398506474e-05,0.6502754174339284,True,1.075,0.075,7,t07_v7
7,True,28.0,0.03975135148378429,0.5489229212531159,0.5148540237056779,0.08910479693579249,0.6000010935208556,0.0356059541047167,0.6503725498887059,True,1.075,0.075,8,t07_v8
7,True,25.0,0.031246736024294283,0.4973093352508666,0.45943428818530124,0.0838175664386622,0.6000038308050406,0.07148551290900919,0.650359422586129,True,1.075,0.075,9,t07_v9
7,True,28.0,0.011552532324077491,0.5489229212531159,0.5148882109398525,0.06954442529065336,0.6000065003231903,0.10725051354929445,0.6502800665130547,True,1.075,0.075,10,t07_v10
7,True,26.0,0.07774164450924581,0.514513863918283,0.47812633431452417,0.046425784306341,0.6000094981256674,0.14266705343963718,0.6500518997512977,False,1.075,0.075,11,t07_v11
7,True,26.0,0.06490439019534196,0.514513863918283,0.4781276997604801,0.04268622092849444,0.6000139504702998,0.17839974052649857,0.650048464571208,False,1.075,0.075,12,t07_v12
7,True,27.0,0.005968368194097733,0.5317183925856995,0.49661463796053773,0.01872481031511735,0.6000182606349846,0.21421108497879998,0.6499956588378906,True,1.075,0.075,13,t07_v13
7,True,29.0,0.07184837195455425,0.5661274499205324,0.53329770663986,0.006394285901241441,0.6000238097007958,0.2500326327906729,0.64998380364176,False,1.075,0.075,14,t07_v14
8,True,35.0,0.06420617458808882,0.6693546219250311,0.6418204882649348,0.015377425930659811,0.5999948337037432,-0.24996379443724087,0.650005449226495,False,1.075,0.15,0,t08_v0
8,True,34.0,0.00015215541373062472,0.6521500932576147,0.6237662298506207,0.0914642635307868,0.5999945847177396,-0.21453814804518145,0.6503035328990461,True,1.075,0.15,1,t08_v1
8,True,32.0,0.04284031073362477,0.6177410359227818,0.5876930027083268,0.09882248232422976,0.5999970076791361,-0.1788590382920641,0.6503179498382174,True,1.075,0.15,2,t08_v2
8,True,31.0,0.004261999067549741,0.6005365072553653,0.5696206579600047,0.054579836327358695,0.5999972808079161,-0.14297890691898754,0.6502009531303269,True,1.075,0.15,3,t08_v3
8,True,31.0,0.038502923813410375,0.6005365072553653,0.569606877158366,0.06063704392307423,0.5999972849723674,-0.10724488756266959,0.6502422193950848,True,1.075,0.15,4,t08_v4
8,True,30.0,0.005529542200724719,0.5833319785879489,0.5513592435156496,0.10968439314922832,0.59999849686851,-0.07150020563615937,0.6504709474780392,True,1.075,0.15,5,t08_v5
8,True,29.0,0.0018147007468242717,0.5661274499205324,0.5331524269471396,0.08994978362800957,0.5999992949707594,-0.03572105357571624,0.6503911216257205,True,1.075,0.15,6,t08_v6
8,True,27.0,0.1492188734096164,0.5317183925856995,0.49650751709743973,0.06322881627547422,0.5999998314016323,1.1044242398506474e-05,0.6502754174339284,False,1.075,0.15,7,t08_v7
8,True,26.0,0.013576258259491249,0.514513863918283,0.47799875356845195,0.08910479693579249,0.6000010935208556,0.0356059541047167,0.6503725498887059,True,1.075,0.15,8,t08_v8
8,True,26.0,0.04578234994063594,0.514513863918283,0.4780039815700252,0.0838175664386622,0.6000038308050406,0.07148551290900919,0.650359422586129,True,1.075,0.15,9,t08_v9
8,True,28.0,0.10919777725230971,0.5489229212531159,0.5148882109398525,0.06954442529065336,0.6000065003231903,0.10725051354929445,0.6502800665130547,False,1.075,0.15,10,t08_v10
8,True,25.0,0.0356174362252921,0.4973093352508666,0.4595615849139063,0.046425784306341,0.6000094981256674,0.14266705343963718,0.6500518997512977,True,1.075,0.15,11,t08_v11
8,True,26.0,0.1904594351732817,0.514513863918283,0.4781276997604801,0.04268622092849444,0.6000139504702998,0.17839974052649857,0.650048464571208,False,1.075,0.15,12,t08_v12
8,True,26.0,0.01577049460903131,0.514513863918283,0.4781486858571059,0.01872481031511735,0.6000182606349846,0.21421108497879998,0.6499956588378906,True,1.075,0.15,13,t08_v13
8,True,26.0,0.030240071581992534,0.514513863918283,0.47815339643040355,0.006394285901241441,0.6000238097007958,0.2500326327906729,0.64998380364176,True,1.075,0.15,14,t08_v14
9,True,30.0,0.025921316006182145,0.5833319785879489,0.551519833285775,0.015377425930659811,0.5999948337037432,-0.24996379443724087,0.650005449226495,True,1.15,-0.15,0,t09_v0
9,True,30.0,0.04901625753241356,0.5833319785879489,0.5514170496180482,0.0914642635307868,0.5999945847177396,-0.21453814804518145,0.6503035328990461,True,1.15,-0.15,1,t09_v1
9,True,30.0,0.033046622848433474,0.5833319785879489,0.5514120738728061,0.09882248232422976,0.5999970076791361,-0.1788590382920641,0.6503179498382174,True,1.15,-0.15,2,t09_v2
9,True,31.0,0.012154597663985656,0.6005365072553653,0.5696206579600047,0.054579836327358695,0.5999972808079161,-0.14297890691898754,0.6502009531303269,True,1.15,-0.15,3,t09_v3
9,True,30.0,0.11139023332341189,0.5833319785879489,0.5514382061509374,0.06063704392307423,0.5999972849723674,-0.10724488756266959,0.6502422193950848,False,1.15,-0.15,4,t09_v4
9,True,30.0,0.08632656048743563,0.5833319785879489,0.5513592435156496,0.10968439314922832,0.59999849686851,-0.07150020563615937,0.6504709474780392,False,1.15,-0.15,5,t09_v5
9,True,32.0,0.03973098331693544,0.6177410359227818,0.587669301792302,0.08994978362800957,0.5999992949707594,-0.03572105357571624,0.6503911216257205,True,1.15,-0.15,6,t09_v6
9,True,31.0,0.0949762413341085,0.6005365072553653,0.5695957883155544,0.06322881627547422,0.5999998314016323,1.1044242398506474e-05,0.6502754174339284,False,1.15,-0.15,7,t09_v7
9,True,33.0,0.027627884825560674,0.6349455645901982,0.6057343990905897,0.08910479693579249,0.6000010935208556,0.0356059541047167,0.6503725498887059,True,1.15,-0.15,8,t09_v8
9,True,32.0,0.04374359157783551,0.6177410359227818,0.5876795705957688,0.0838175664386622,0.6000038308050406,0.07148551290900919,0.650359422586129,True,1.15,-0.15,9,t09_v9
9,True,34.0,0.00012848756123391182,0.6521500932576147,0.6237733886786956,0.06954442529065336,0.6000065003231903,0.10725051354929445,0.6502800665130547,True,1.15,-0.15,10,t09_v10
9,True,35.0,0.023758296478782522,0.6693546219250311,0.6418067351573401,0.046425784306341,0.6000094981256674,0.14266705343963718,0.6500518997512977,True,1.15,-0.15,11,t09_v11
9,True,36.0,0.037398390410386305,0.6865591505924477,0.6597310424531724,0.04268622092849444,0.6000139504702998,0.17839974052649857,0.650048464571208,True,1.15,-0.15,12,t09_v12
9,True,37.0,0.04694379409333748,0.703763679259864,0.6776318807937955,0.01872481031511735,0.6000182606349846,0.21421108497879998,0.6499956588378906,True,1.15,-0.15,13,t09_v13
9,True,38.0,0.08586287556543709,0.7209682079272806,0.6954863846227931,0.006394285901241441,0.6000238097007958,0.2500326327906729,0.64998380364176,False,1.15,-0.15,14,t09_v14
10,True,31.0,0.009179065285102948,0.6005365072553653,0.5696859010109968,0.015377425930659811,0.5999948337037432,-0.24996379443724087,0.650005449226495,True,1.15,-0.075,0,t10_v0
10,True,31.0,0.002936985554522431,0.6005365072553653,0.5695863954771174,0.0914642635307868,0.5999945847177396,-0.21453814804518145,0.6503035328990461,True,1.15,-0.075,1,t10_v1
10,True,30.0,0.018557735220251313,0.5833319785879489,0.5514120738728061,0.09882248232422976,0.5999970076791361,-0.1788590382920641,0.6503179498382174,True,1.15,-0.075,2,t10_v2
10,True,30.0,0.10254442240289222,0.5833319785879489,0.5514524409880207,0.054579836327358695,0.5999972808079161,-0.14297890691898754,0.6502009531303269,False,1.15,-0.075,3,t10_v3
10,True,30.0,0.0705078163078236,0.5833319785879489,0.5514382061509374,0.06063704392307423,0.5999972849723674,-0.10724488756266959,0.6502422193950848,False,1.15,-0.075,4,t10_v4
10,True,31.0,0.11137915669547342,0.6005365072553653,0.5695304335268586,0.10968439314922832,0.59999849686851,-0.07150020563615937,0.6504709474780392,False,1.15,-0.075,5,t10_v5
10,True,30.0,0.07000166546362008,0.5833319785879489,0.5513868134526173,0.08994978362800957,0.5999992949707594,-0.03572105357571624,0.6503911216257205,False,1.15,-0.075,6,t10_v6
10,True,30.0,0.009822859784220584,0.5833319785879489,0.5514267519477775,0.06322881627547422,0.5999998314016323,1.1044242398506474e-05,0.6502754174339284,True,1.15,-0.075,7,t10_v7
10,True,32.0,0.07766290148167175,0.6177410359227818,0.5876753182768729,0.08910479693579249,0.6000010935208556,0.0356059541047167,0.6503725498887059,False,1.15,-0.075,8,t10_v8
10,True,31.0,0.09805644081136437,0.6005365072553653,0.5695677192214715,0.0838175664386622,0.6000038308050406,0.07148551290900919,0.650359422586129,False,1.15,-0.075,9,t10_v9
10,True,33.0,0.050999186204706295,0.6349455645901982,0.6057634573664485,0.06954442529065336,0.6000065003231903,0.10725051354929445,0.6502800665130547,False,1.15,-0.075,10,t10_v10
10,True,32.0,0.09384654422691183,0.6177410359227818,0.5877790935920351,0.046425784306341,0.6000094981256674,0.14266705343963718,0.6500518997512977,False,1.15,-0.075,11,t10_v11
10,True,34.0,0.03776898781408493,0.6521500932576147,0.6238439911147994,0.04268622092849444,0.6000139504702998,0.17839974052649857,0.650048464571208,True,1.15,-0.075,12,t10_v12
10,True,35.0,0.049677298929283145,0.6693546219250311,0.6418233865442714,0.01872481031511735,0.6000182606349846,0.21421108497879998,0.6499956588378906,True,1.15,-0.075,13,t10_v13
10,True,36.0,0.09235958571600639,0.6865591505924477,0.6597496658703453,0.006394285901241441,0.6000238097007958,0.2500326327906729,0.64998380364176,False,1.15,-0.075,14,t10_v14
11,True,34.0,0.09603776145073688,0.6521500932576147,0.6238570937323334,0.015377425930659811,0.5999948337037432,-0.24996379443724087,0.650005449226495,False,1.15,0.0,0,t11_v0
11,True,32.0,0.0004762313872429965,0.6177410359227818,0.5876976712809856,0.0914642635307868,0.5999945847177396,-0.21453814804518145,0.6503035328990461,True,1.15,0.0,1,t11_v1
11,True,33.0,0.04665342392383134,0.6349455645901982,0.6057515563018747,0.09882248232422976,0.5999970076791361,-0.1788590382920641,0.6503179498382174,True,1.15,0.0,2,t11_v2
11,True,31.0,0.08056265378485977,0.6005365072553653,0.5696206579600047,0.054579836327358695,0.5999972808079161,-0.14297890691898754,0.6502009531303269,False,1.15,0.0,3,t11_v3
11,True,30.0,0.05211251716862933,0.5833319785879489,0.5514382061509374,0.06063704392307423,0.5999972849723674,-0.10724488756266959,0.6502422193950848,False,1.15,0.0,4,t11_v4
11,True,30.0,0.049503982423319694,0.5833319785879489,0.5513592435156496,0.10968439314922832,0.59999849686851,-0.07150020563615937,0.6504709474780392,True,1.15,0.0,5,t11_v5
11,True,30.0,0.05442801373597733,0.5833319785879489,0.5513868134526173,0.08994978362800957,0.5999992949707594,-0.03572105357571624,0.6503911216257205,False,1.15,0.0,6,t11_v6
11,True,31.0,0.004967480609490516,0.6005365072553653,0.5695957883155544,0.06322881627547422,0.5999998314016323,1.1044242398506474e-05,0.6502754174339284,True,1.15,0.0,7,t11_v7
11,True,30.0,0.0301061918294055,0.5833319785879489,0.5513932258308979,0.08910479693579249,0.6000010935208556,0.0356059541047167,0.6503725498887059,True,1.15,0.0,8,t11_v8
11,True,30.0,0.0044517850581483505,0.5833319785879489,0.5513977579533733,0.0838175664386622,0.6000038308050406,0.07148551290900919,0.650359422586129,True,1.15,0.0,9,t11_v9
11,True,30.0,0.10282657297174208,0.5833319785879489,0.551425147713739,0.06954442529065336,0.6000065003231903,0.10725051354929445,0.6502800665130547,False,1.15,0.0,10,t11_v10
11,True,31.0,0.0831305516336607,0.6005365072553653,0.5696704064170757,0.046425784306341,0.6000094981256674,0.14266705343963718,0.6500518997512977,False,1.15,0.0,11,t11_v11
11,True,33.0,0.0725381553189686,0.6349455645901982,0.6058361586327543,0.04268622092849444,0.6000139504702998,0.17839974052649857,0.650048464571208,False,1.15,0.0,12,t11_v12
11,True,32.0,0.07685708066892605,0.6177410359227818,0.5877972755004123,0.01872481031511735,0.6000182606349846,0.21421108497879998,0.6499956588378906,False,1.15,0.0,13,t11_v13
11,True,34.0,0.016950915650979174,0.6521500932576147,0.6238636858238543,0.006394285901241441,0.6000238097007958,0.2500326327906729,0.64998380364176,True,1.15,0.0,14,t11_v14
12,True,36.0,0.003220588962373987,0.6865591505924477,0.6597434323481068,0.015377425930659811,0.5999948337037432,-0.24996379443724087,0.650005449226495,True,1.15,0.075,0,t12_v0
12,True,35.0,0.08016139306113912,0.6693546219250311,0.64173216785396,0.0914642635307868,0.5999945847177396,-0.21453814804518145,0.6503035328990461,False,1.15,0.075,1,t12_v1
12,True,34.0,0.05412055723321936,0.6521500932576147,0.6237618312347216,0.09882248232422976,0.5999970076791361,-0.1788590382920641,0.6503179498382174,False,1.15,0.075,2,t12_v2
12,True,32.0,0.09264360364265695,0.6177410359227818,0.5877308779460774,0.054579836327358695,0.5999972808079161,-0.14297890691898754,0.6502009531303269,False,1.15,0.075,3,t12_v3
12,True,33.0,0.02914436033783933,0.6349455645901982,0.605775344457331,0.06063704392307423,0.5999972849723674,-0.10724488756266959,0.6502422193950848,True,1.15,0.075,4,t12_v4
12,True,31.0,0.06828853020595858,0.6005365072553653,0.5695304335268586,0.10968439314922832,0.59999849686851,-0.07150020563615937,0.6504709474780392,False,1.15,0.075,5,t12_v5
12,True,32.0,0.05784054133618027,0.6177410359227818,0.587669301792302,0.08994978362800957,0.5999992949707594,-0.03572105357571624,0.6503911216257205,False,1.15,0.075,6,t12_v6
12,True,30.0,0.01011126657194489,0.5833319785879489,0.5514267519477775,0.06322881627547422,0.5999998314016323,1.1044242398506474e-05,0.6502754174339284,True,1.15,0.075,7,t12_v7
12,True,30.0,0.018835219261744453,0.5833319785879489,0.5513932258308979,0.08910479693579249,0.6000010935208556,0.0356059541047167,0.6503725498887059,True,1.15,0.075,8,t12_v8
12,True,31.0,0.10146951835810678,0.6005365072553653,0.5695677192214715,0.0838175664386622,0.6000038308050406,0.07148551290900919,0.650359422586129,False,1.15,0.075,9,t12_v9
12,True,30.0,0.006741285771366959,0.5833319785879489,0.551425147713739,0.06954442529065336,0.6000065003231903,0.10725051354929445,0.6502800665130547,True,1.15,0.075,10,t12_v10
12,True,30.0,0.014068610942853603,0.5833319785879489,0.5515038283133255,0.046425784306341,0.6000094981256674,0.14266705343963718,0.6500518997512977,True,1.15,0.075,11,t12_v11
12,True,30.0,0.02828923241123389,0.5833319785879489,0.5515050120873405,0.04268622092849444,0.6000139504702998,0.17839974052649857,0.650048464571208,True,1.15,0.075,12,t12_v12
12,True,32.0,0.049574349884855685,0.6177410359227818,0.5877972755004123,0.01872481031511735,0.6000182606349846,0.21421108497879998,0.6499956588378906,True,1.15,0.075,13,t12_v13
12,True,31.0,0.0023572763098273293,0.6005365072553653,0.5696931199341296,0.006394285901241441,0.6000238097007958,0.2500326327906729,0.64998380364176,True,1.15,0.075,14,t12_v14
